CREATE DATABASE  IF NOT EXISTS `library` /*!40100 DEFAULT CHARACTER SET utf8 */;
USE `library`;
-- MySQL dump 10.13  Distrib 5.6.17, for Win64 (x86_64)
--
-- Host: localhost    Database: library
-- ------------------------------------------------------
-- Server version	5.5.23

/*!40101 SET @OLD_CHARACTER_SET_CLIENT=@@CHARACTER_SET_CLIENT */;
/*!40101 SET @OLD_CHARACTER_SET_RESULTS=@@CHARACTER_SET_RESULTS */;
/*!40101 SET @OLD_COLLATION_CONNECTION=@@COLLATION_CONNECTION */;
/*!40101 SET NAMES utf8 */;
/*!40103 SET @OLD_TIME_ZONE=@@TIME_ZONE */;
/*!40103 SET TIME_ZONE='+00:00' */;
/*!40014 SET @OLD_UNIQUE_CHECKS=@@UNIQUE_CHECKS, UNIQUE_CHECKS=0 */;
/*!40014 SET @OLD_FOREIGN_KEY_CHECKS=@@FOREIGN_KEY_CHECKS, FOREIGN_KEY_CHECKS=0 */;
/*!40101 SET @OLD_SQL_MODE=@@SQL_MODE, SQL_MODE='NO_AUTO_VALUE_ON_ZERO' */;
/*!40111 SET @OLD_SQL_NOTES=@@SQL_NOTES, SQL_NOTES=0 */;

--
-- Table structure for table `books`
--

DROP TABLE IF EXISTS `books`;
/*!40101 SET @saved_cs_client     = @@character_set_client */;
/*!40101 SET character_set_client = utf8 */;
CREATE TABLE `books` (
  `book_id` int(11) NOT NULL AUTO_INCREMENT,
  `author` varchar(60) DEFAULT NULL,
  `name` varchar(75) NOT NULL,
  `genre` varchar(45) NOT NULL,
  `category` varchar(40) NOT NULL,
  `publisher` varchar(35) NOT NULL,
  `pub_year` smallint(6) DEFAULT NULL,
  `pub_type` varchar(30) NOT NULL,
  PRIMARY KEY (`book_id`),
  UNIQUE KEY `XPKbooks` (`book_id`)
) ENGINE=InnoDB AUTO_INCREMENT=24 DEFAULT CHARSET=utf8;
/*!40101 SET character_set_client = @saved_cs_client */;

--
-- Dumping data for table `books`
--

LOCK TABLES `books` WRITE;
/*!40000 ALTER TABLE `books` DISABLE KEYS */;
INSERT INTO `books` VALUES (1,'Ахтямов А.М.','Математика для социологов и экономистов','учебное пособие','учебное','Физматлит',2008,'отечественное'),(2,'Аверченко А.Т','Белая ворона','рассказ','литературно-художественное','Лань',2018,'отечественное'),(3,'Ильичев А.Т.','Уединенные волны в моделях гидромеханики','учебное пособие','учебное','Физматлит',2003,'отечественное'),(4,'Попов О.Е.','Политическое пространство современного мира','справочник','научное','ФЛИНТА',2015,'отечественное'),(5,'Stephen Crane','A man went before a strange God','повесть','литературно-художественное','Edward Elgar',2013,'иностранное'),(6,'Mary Shelley','Lodore','роман','литературно-художественное','Thomson',2009,'иностранное'),(7,'Тараненко С.Б.','Многоликое нано. Надежды и заблуждения','монография','научное','Лаборатория знаний',2010,'отечественное'),(8,'Нигматуллин Н.Г.','Физическая и коллоидная химия','учебное пособие','учебное','Лань',2015,'отечественное'),(9,'Козлов Э.В., Глезер А.М., Конева Н.А.','Основы пластической деформации наноструктурных материалов','справочник','научное','Физматлит',2002,'отечественное'),(10,'Занько Н.Г., Малаян К.Р., Русак О.Н.','Безопасность жизнедеятельности','учебник','учебное','Лань',2017,'отечественное'),(11,'Lawrence D. H.','Glad Ghosts','роман','литературно-художественное','Edward Elgar',2008,'иностранное'),(12,'Долгов А.И.','Алгоритмизация прикладных задач','учебное пособие','учебное','ФЛИНТА',2016,'отечественное'),(13,'Kate Chopin','Introduction to Nanotechnology','монография','научное','Pearson Education',2020,'иностранное'),(14,'Радищев А.Н.','Житие Федора Васильевича Ушакова','повесть','литературно-художественное','Лань',2013,'отечественное'),(15,'Лажечников И.И.','Вся беда от стыда','рассказ','литературно-художественное','Лань',2009,'отечественное'),(16,'Молочков В.П.','Основы фотографии','учебное пособие','учебное','ИНТУИТ',2016,'отечественное'),(17,'Алексеенко В.А., Алексеенко А.В.','Химические элементы в городских почвах','монография','научное','Логос',2014,'отечественное'),(18,'Лысикова О.В.','Музеи мира: учебное пособие','учебное пособие','учебное','ФЛИНТА',2019,'отечественное'),(19,'Ambrose Gwinnett Bierce','The World of People and Animals','справочник','научное','Pearson Education',2005,'иностранное'),(20,'Walt Whitman','Flotation enrichment methods','учебное пособие','учебное','Edward Elgar',2014,'иностранное'),(21,'Мамин-Сибиряк Д.Н.','Весенние грозы','роман','литературно-художественное','Лань',2013,'отечественное'),(22,'Осоргин М.А.','Свидетель истории','роман','литературно-художественное','Лань',2012,'отечественное'),(23,'Аксаков C.Т.','Аленький цветочек','рассказ','литературно-художественное','Лань',2011,'отечественное');
/*!40000 ALTER TABLE `books` ENABLE KEYS */;
UNLOCK TABLES;

--
-- Table structure for table `instances`
--

DROP TABLE IF EXISTS `instances`;
/*!40101 SET @saved_cs_client     = @@character_set_client */;
/*!40101 SET character_set_client = utf8 */;
CREATE TABLE `instances` (
  `instance_id` int(11) NOT NULL AUTO_INCREMENT,
  `book_id` int(11) NOT NULL,
  `status` varchar(50) DEFAULT NULL,
  `worker_id` int(11) NOT NULL,
  `cypher` varchar(20) NOT NULL,
  `date_reg` date NOT NULL,
  `write_off_date` date DEFAULT NULL,
  PRIMARY KEY (`instance_id`),
  UNIQUE KEY `XPKinstances` (`instance_id`),
  KEY `R_1` (`book_id`),
  KEY `R_26` (`worker_id`),
  CONSTRAINT `R_26` FOREIGN KEY (`worker_id`) REFERENCES `workers` (`worker_id`) ON DELETE CASCADE ON UPDATE CASCADE,
  CONSTRAINT `R_1` FOREIGN KEY (`book_id`) REFERENCES `books` (`book_id`) ON DELETE CASCADE ON UPDATE CASCADE
) ENGINE=InnoDB AUTO_INCREMENT=64 DEFAULT CHARSET=utf8;
/*!40101 SET character_set_client = @saved_cs_client */;

--
-- Dumping data for table `instances`
--

LOCK TABLES `instances` WRITE;
/*!40000 ALTER TABLE `instances` DISABLE KEYS */;
INSERT INTO `instances` VALUES (1,1,'Удовлетворительно',10,'А-15132','2012-10-20',NULL),(2,1,'Удовлетворительно',11,'А-15133','2012-10-20',NULL),(3,1,'Удовлетворительно',11,'З-15134','2012-10-20',NULL),(4,1,'Удовлетворительно',7,'З-15135','2012-10-20',NULL),(5,2,'Списан',10,'А-27138','2018-03-10','2020-01-19'),(6,2,'Удовлетворительно',10,'А-27139','2018-03-10',NULL),(7,2,'Удовлетворительно',10,'З-27140','2018-03-10',NULL),(8,3,'Удовлетворительно',11,'З-28132','2013-03-11',NULL),(9,3,'Удовлетворительно',12,'З-37152','2013-06-20',NULL),(10,4,'Удовлетворительно',8,'З-15762','2014-10-20',NULL),(11,4,'Удовлетворительно',8,'З-14322','2014-10-20',NULL),(12,4,'Удовлетворительно',12,'А-37532','2014-10-20',NULL),(13,4,'Удовлетворительно',12,'А-87636','2014-10-20',NULL),(14,5,'Удовлетворительно',10,'З-25738','2014-11-13',NULL),(15,5,'Удовлетворительно',10,'З-26731','2014-11-13',NULL),(16,5,'Удовлетворительно',5,'А-11962','2014-11-13',NULL),(17,6,'Удовлетворительно',5,'З-13673','2014-11-14',NULL),(18,6,'Удовлетворительно',11,'А-79533','2014-11-14',NULL),(19,7,'Удовлетворительно',10,'З-50932','2015-05-08',NULL),(20,8,'Удовлетворительно',8,'З-13105','2016-12-02',NULL),(21,8,'Удовлетворительно',12,'А-34732','2016-12-02',NULL),(22,9,'Удовлетворительно',12,'З-16737','2016-12-13',NULL),(23,10,'Удовлетворительно',12,'З-25137','2017-04-15',NULL),(24,10,'Удовлетворительно',8,'А-15137','2017-04-15',NULL),(25,11,'Списан',10,'А-15180','2017-06-20','2019-05-16'),(26,11,'Удовлетворительно',10,'З-15587','2017-07-18',NULL),(27,12,'Удовлетворительно',11,'З-56432','2017-07-18',NULL),(28,12,'Удовлетворительно',11,'З-87306','2017-07-23',NULL),(29,12,'Удовлетворительно',7,'А-79319','2017-11-25',NULL),(30,13,'Удовлетворительно',12,'З-54286','2020-04-20',NULL),(31,13,'Списан',8,'А-46598','2018-10-20','2020-04-04'),(32,13,'Удовлетворительно',6,'З-67425','2020-02-27',NULL),(33,14,'Удовлетворительно',6,'З-79524','2018-10-27',NULL),(34,14,'Удовлетворительно',10,'А-68925','2018-10-29',NULL),(35,15,'Удовлетворительно',10,'З-40035','2018-11-08',NULL),(36,16,'Удовлетворительно',8,'А-87841','2018-11-24',NULL),(37,16,'Списан',8,'А-15176','2018-11-25','2020-02-06'),(38,16,'Удовлетворительно',11,'А-70802','2018-11-28',NULL),(39,17,'Удовлетворительно',12,'А-65277','2019-07-20',NULL),(40,17,'Удовлетворительно',1,'А-11789','2019-07-20',NULL),(41,18,'Удовлетворительно',1,'А-23625','2019-07-20',NULL),(42,18,'Удовлетворительно',8,'А-54476','2019-07-21',NULL),(43,19,'Удовлетворительно',10,'А-54689','2019-07-21',NULL),(44,19,'Удовлетворительно',10,'А-60821','2019-07-21',NULL),(45,1,'Удовлетворительно',11,'А-74565','2019-07-26',NULL),(46,6,'Удовлетворительно',8,'А-76645','2019-07-26',NULL),(47,19,'Удовлетворительно',12,'А-73576','2019-09-10',NULL),(48,17,'Удовлетворительно',12,'А-23545','2019-09-10',NULL),(49,20,'Удовлетворительно',12,'А-27265','2019-09-14',NULL),(50,20,'Удовлетворительно',8,'А-87576','2019-09-14',NULL),(51,21,'Удовлетворительно',11,'А-46454','2019-09-18',NULL),(52,20,'Удовлетворительно',11,'А-88768','2019-09-18',NULL),(53,21,'Удовлетворительно',10,'А-88770','2019-10-07',NULL),(54,21,'Удовлетворительно',1,'А-85632','2019-10-07',NULL),(55,22,'Удовлетворительно',6,'А-85780','2019-10-08',NULL),(56,22,'Удовлетворительно',6,'А-76742','2019-10-09',NULL),(57,22,'Удовлетворительно',10,'А-76453','2019-10-14',NULL),(58,20,'Удовлетворительно',11,'А-76853','2019-10-20',NULL),(59,22,'Удовлетворительно',12,'А-46736','2019-10-22',NULL),(60,23,'Удовлетворительно',8,'А-15872','2019-11-24',NULL),(61,23,'Удовлетворительно',8,'А-21089','2019-11-24',NULL),(62,9,'Удовлетворительно',11,'А-18235','2020-01-05',NULL),(63,23,'Удовлетворительно',10,'А-45004','2020-01-05',NULL);
/*!40000 ALTER TABLE `instances` ENABLE KEYS */;
UNLOCK TABLES;

--
-- Table structure for table `reader_reg`
--

DROP TABLE IF EXISTS `reader_reg`;
/*!40101 SET @saved_cs_client     = @@character_set_client */;
/*!40101 SET character_set_client = utf8 */;
CREATE TABLE `reader_reg` (
  `library_card` int(11) NOT NULL AUTO_INCREMENT,
  `date_reg` date NOT NULL,
  `worker_id` int(11) NOT NULL,
  `reader_id` int(11) NOT NULL,
  PRIMARY KEY (`library_card`),
  UNIQUE KEY `XPKreader_reg` (`library_card`),
  KEY `R_23` (`worker_id`),
  KEY `R_24` (`reader_id`),
  CONSTRAINT `R_24` FOREIGN KEY (`reader_id`) REFERENCES `readers` (`reader_id`) ON DELETE CASCADE ON UPDATE CASCADE,
  CONSTRAINT `R_23` FOREIGN KEY (`worker_id`) REFERENCES `workers` (`worker_id`) ON DELETE CASCADE ON UPDATE CASCADE
) ENGINE=InnoDB AUTO_INCREMENT=29 DEFAULT CHARSET=utf8;
/*!40101 SET character_set_client = @saved_cs_client */;

--
-- Dumping data for table `reader_reg`
--

LOCK TABLES `reader_reg` WRITE;
/*!40000 ALTER TABLE `reader_reg` DISABLE KEYS */;
INSERT INTO `reader_reg` VALUES (1,'2015-12-23',4,1),(2,'2016-06-03',8,14),(3,'2016-11-07',12,4),(4,'2017-03-07',8,13),(5,'2017-05-29',8,19),(6,'2017-10-10',12,18),(7,'2018-02-26',4,2),(8,'2018-06-11',12,25),(9,'2019-07-22',4,24),(10,'2020-01-07',12,20),(11,'2016-07-21',8,3),(12,'2016-10-24',12,26),(13,'2017-01-09',8,27),(14,'2018-04-27',12,5),(15,'2018-05-04',4,28),(16,'2018-11-05',12,8),(17,'2019-07-26',12,11),(18,'2019-08-14',4,23),(19,'2020-01-23',12,12),(20,'2020-05-28',12,10),(21,'2015-12-25',4,6),(22,'2016-03-04',4,16),(23,'2016-03-07',4,21),(24,'2016-03-24',8,17),(25,'2016-10-25',12,22),(26,'2017-04-20',4,7),(27,'2017-10-02',12,9),(28,'2019-04-15',8,15);
/*!40000 ALTER TABLE `reader_reg` ENABLE KEYS */;
UNLOCK TABLES;

--
-- Table structure for table `readers`
--

DROP TABLE IF EXISTS `readers`;
/*!40101 SET @saved_cs_client     = @@character_set_client */;
/*!40101 SET character_set_client = utf8 */;
CREATE TABLE `readers` (
  `reader_id` int(11) NOT NULL AUTO_INCREMENT,
  `full_name_r` varchar(35) NOT NULL,
  `passport` varchar(20) NOT NULL,
  `phone` varchar(20) NOT NULL,
  `science_degree` varchar(50) DEFAULT NULL,
  `occupation` varchar(40) NOT NULL,
  `education_mode` varchar(25) DEFAULT NULL,
  `groups` varchar(10) DEFAULT NULL,
  `status` varchar(25) NOT NULL,
  PRIMARY KEY (`reader_id`),
  UNIQUE KEY `XPKreaders` (`reader_id`)
) ENGINE=InnoDB AUTO_INCREMENT=29 DEFAULT CHARSET=utf8;
/*!40101 SET character_set_client = @saved_cs_client */;

--
-- Dumping data for table `readers`
--

LOCK TABLES `readers` WRITE;
/*!40000 ALTER TABLE `readers` DISABLE KEYS */;
INSERT INTO `readers` VALUES (1,'Барановска Олеся Валериевна','4504365418','+7(911)933-02-50','доктор наук','преподаватель',NULL,NULL,'работает'),(2,'Михеева София Петровна','5979882908','+7(911)005-94-45',NULL,'студент','очная','M0010','отчислен'),(3,'Шашкова Алёна Андреевна','1015769116','+7(911)303-58-86',NULL,'студент','заочная','M0220','обучается'),(4,'Красильников Иван Богданович','2267495099','+7(911)210-05-09',NULL,'студент','очная','M0010','обучается'),(5,'Михеев Юрий Станиславович','5648256482','+7(911)425-68-53',NULL,'студент','очная','T0033','обучается'),(6,'Чикольба Борис Валериевич','2962447153','+7(911)688-12-39',NULL,'студент','очная','M0010','обучается'),(7,'Гаврилов Фёдор Юхимович','6136845858','+7(911)320-20-76','кандидат наук','преподаватель',NULL,NULL,'работает'),(8,'Каськив Ярослав Владимирович','8823720634','+7(911)874-47-39',NULL,'студент','заочная','M0220','обучается'),(9,'Цушко Ян Максимович','7083913107','+7(911)548-40-13',NULL,'студент','очная','M0010','отчислен'),(10,'Забужко Евгения Алексеевна','8306888858','+7(911)918-25-78',NULL,'студент','заочная','M0220','обучается'),(11,'Маслова Татьяна Михайловна','2719927199','+7(918)140-46-18',NULL,'студент','очная','M0010','обучается'),(12,'Белова Наталья Станиславовна','6547565475','+7(918)614-07-05',NULL,'студент','очная','T0033','отчислен'),(13,'Григорьева Алла Ивановна','3368537705','+7(918)398-52-00','доктор наук','преподаватель',NULL,NULL,'работает'),(14,'Волкова Валерия Михайловна','7639664943','+7(918)881-80-44',NULL,'студент','очная','T0033','отчислен'),(15,'Глебов Дмитрий Иванович','7070047922','+7(918)119-12-10',NULL,'студент','очная','M0010','отчислен'),(16,'Дьяконов Семён Вячеславович','8679567245','+7(918)050-04-56',NULL,'студент','заочная','T0023','обучается'),(17,'Гаврилова Милана Викторовна','2170485530','+7(918)095-62-22',NULL,'студент','очная','T0033','обучается'),(18,'Зубков Артём Кириллович','2335483999','+7(918)167-70-22',NULL,'студент','заочная','M0220','обучается'),(19,'Козлов Сергей Романович','7750743783','+7(918)064-40-12','доктор наук','преподаватель',NULL,NULL,'работает'),(20,'Королева София Александровна','1467543768','+7(918)282-50-94',NULL,'студент','очная','T0033','обучается'),(21,'Коновалова Елизавета Степановна','3037676019','+7(912)784-51-52',NULL,'студент','очная','M0010','обучается'),(22,'Нестерова Евгения Ивановна','8711222712','+7(912)085-54-65',NULL,'преподаватель',NULL,NULL,'работает'),(23,'Семенов Александр Романович','7987565632','+7(912)292-24-68',NULL,'студент','заочная','T0023','обучается'),(24,'Черкасова Алиса Платоновна','3917367181','+7(912)625-06-10',NULL,'студент','очная','M0010','отчислен'),(25,'Яковлева Валерия Олеговна','4858221464','+7(912)502-48-31',NULL,'студент','очная','T0033','отчислен'),(26,'Зайцев Дмитрий Андреевич','9010194000','+7(912)749-34-61','доктор наук','преподаватель',NULL,NULL,'уволен'),(27,'Богданова Арина Львовна','3619426933','+7(912)219-30-44',NULL,'студент','заочная','T0023','обучается'),(28,'Демидова Юлия Николаевна','7012685501','+7(912)930-83-35','кандидат наук','преподаватель',NULL,NULL,'уволен');
/*!40000 ALTER TABLE `readers` ENABLE KEYS */;
UNLOCK TABLES;

--
-- Table structure for table `reading_rooms`
--

DROP TABLE IF EXISTS `reading_rooms`;
/*!40101 SET @saved_cs_client     = @@character_set_client */;
/*!40101 SET character_set_client = utf8 */;
CREATE TABLE `reading_rooms` (
  `hall_number` int(11) NOT NULL AUTO_INCREMENT,
  `capacity` int(11) NOT NULL,
  `name` varchar(60) NOT NULL,
  `species` varchar(40) NOT NULL,
  PRIMARY KEY (`hall_number`),
  UNIQUE KEY `XPKreading_rooms` (`hall_number`)
) ENGINE=InnoDB AUTO_INCREMENT=7 DEFAULT CHARSET=utf8;
/*!40101 SET character_set_client = @saved_cs_client */;

--
-- Dumping data for table `reading_rooms`
--

LOCK TABLES `reading_rooms` WRITE;
/*!40000 ALTER TABLE `reading_rooms` DISABLE KEYS */;
INSERT INTO `reading_rooms` VALUES (1,70,'Читальный зал №1 учебной литературы','учебный'),(2,60,'Читальный зал №1 научной литературы','научный'),(3,50,'Читальный зал №1 литературно-художественной литературы','литературно-художественный'),(4,45,'Читальный зал №2 учебной литературы','учебный'),(5,30,'Читальный зал №2 научной литературы','научный'),(6,50,'Читальный зал №2 литературно-художественной литературы','литературно-художественный');
/*!40000 ALTER TABLE `reading_rooms` ENABLE KEYS */;
UNLOCK TABLES;

--
-- Table structure for table `take_book`
--

DROP TABLE IF EXISTS `take_book`;
/*!40101 SET @saved_cs_client     = @@character_set_client */;
/*!40101 SET character_set_client = utf8 */;
CREATE TABLE `take_book` (
  `op_id` int(11) NOT NULL AUTO_INCREMENT,
  `worker_id` int(11) NOT NULL,
  `reader_id` int(11) NOT NULL,
  `instance_id` int(11) NOT NULL,
  `fixing_date` date NOT NULL,
  `return_date` date DEFAULT NULL,
  `f_return_date` date NOT NULL,
  `fine` float DEFAULT NULL,
  `hall_number` int(11) NOT NULL,
  PRIMARY KEY (`op_id`),
  UNIQUE KEY `XPKtake_book` (`op_id`),
  KEY `R_17` (`worker_id`),
  KEY `R_18` (`reader_id`),
  KEY `R_19` (`instance_id`),
  KEY `R_27` (`hall_number`),
  CONSTRAINT `R_27` FOREIGN KEY (`hall_number`) REFERENCES `reading_rooms` (`hall_number`) ON DELETE CASCADE ON UPDATE CASCADE,
  CONSTRAINT `R_17` FOREIGN KEY (`worker_id`) REFERENCES `workers` (`worker_id`) ON DELETE CASCADE ON UPDATE CASCADE,
  CONSTRAINT `R_18` FOREIGN KEY (`reader_id`) REFERENCES `readers` (`reader_id`) ON DELETE CASCADE ON UPDATE CASCADE,
  CONSTRAINT `R_19` FOREIGN KEY (`instance_id`) REFERENCES `instances` (`instance_id`) ON DELETE CASCADE ON UPDATE CASCADE
) ENGINE=InnoDB AUTO_INCREMENT=47 DEFAULT CHARSET=utf8;
/*!40101 SET character_set_client = @saved_cs_client */;

--
-- Dumping data for table `take_book`
--

LOCK TABLES `take_book` WRITE;
/*!40000 ALTER TABLE `take_book` DISABLE KEYS */;
INSERT INTO `take_book` VALUES (1,8,1,38,'2019-07-12','2019-07-20','2019-07-26',0,1),(2,8,1,16,'2019-07-12','2019-07-24','2019-07-26',0,3),(3,8,2,11,'2019-07-13','2019-07-13','2019-07-13',0,2),(4,12,5,21,'2019-07-18','2019-07-28','2019-08-02',0,4),(5,12,16,13,'2019-07-19','2019-08-02','2019-08-03',0,5),(6,8,15,25,'2019-08-03','2019-09-18','2019-08-17',100,6),(7,12,12,10,'2019-08-05','2019-08-05','2019-08-05',0,2),(8,12,12,18,'2019-08-10','2019-08-23','2019-08-24',0,6),(9,1,14,1,'2019-08-12','2019-09-30','2019-08-26',210,4),(10,8,16,28,'2019-08-16','2019-08-16','2019-08-16',0,4),(11,8,7,6,'2019-09-18',NULL,'2019-10-02',NULL,3),(12,4,8,5,'2019-09-19','2019-07-20','2019-10-02',0,3),(13,4,3,24,'2019-09-24','2019-09-30','2019-10-08',0,4),(14,12,1,4,'2019-10-04','2019-10-04','2019-10-04',0,1),(15,12,22,29,'2019-10-22','2019-10-28','2019-11-06',0,1),(16,12,23,34,'2019-10-25','2019-11-07','2019-11-09',0,6),(17,8,25,11,'2019-11-07','2019-11-07','2019-11-07',0,2),(18,8,25,46,'2019-11-08','2019-11-25','2019-11-22',6,3),(19,4,24,23,'2019-11-15','2019-11-15','2019-11-15',0,4),(20,4,15,15,'2019-12-16','2019-12-16','2019-12-16',0,3),(21,8,12,13,'2019-12-20',NULL,'2019-12-28',NULL,5),(22,12,8,53,'2019-12-25','2020-01-09','2020-01-09',0,6),(23,12,26,51,'2019-12-26','2020-01-09','2020-01-10',0,6),(24,1,27,36,'2020-01-10','2020-01-22','2020-01-24',0,1),(25,12,17,9,'2020-01-11','2020-01-11','2020-01-11',0,4),(26,12,28,14,'2020-01-14','2020-01-14','2020-01-14',0,3),(27,4,10,19,'2020-01-18','2020-01-18','2020-01-18',0,2),(28,4,10,24,'2020-01-19','2020-02-25','2020-02-03',44,1),(29,8,19,30,'2020-01-23','2020-01-23','2020-01-23',0,2),(30,8,21,31,'2020-01-26','2020-02-09','2020-02-10',0,2),(31,8,22,60,'2020-02-02','2020-02-28','2020-02-16',24,3),(32,12,13,3,'2020-02-05','2020-02-05','2020-02-05',0,1),(33,1,17,54,'2020-02-09','2020-02-19','2020-02-23',0,6),(34,1,18,20,'2020-02-13','2020-02-13','2020-02-13',0,4),(35,1,19,39,'2020-02-15','2020-02-28','2020-02-29',0,2),(36,2,6,56,'2020-02-16','2020-03-16','2020-03-01',32,3),(37,2,8,40,'2020-02-19','2020-02-29','2020-03-03',0,2),(38,8,10,22,'2020-03-01','2020-03-01','2020-03-01',0,5),(39,8,10,43,'2020-03-05','2020-03-17','2020-03-19',0,5),(40,12,5,62,'2020-03-06','2020-03-17','2020-03-20',0,2),(41,8,8,48,'2020-03-07','2020-03-17','2020-03-21',0,5),(42,12,9,55,'2020-03-11','2020-03-17','2020-03-25',0,6),(43,4,25,38,'2020-03-15',NULL,'2020-03-29',NULL,1),(44,4,26,31,'2020-03-15',NULL,'2020-03-29',NULL,2),(45,12,17,29,'2020-03-16',NULL,'2020-04-01',NULL,4),(46,12,14,12,'2020-03-17',NULL,'2020-04-02',NULL,2);
/*!40000 ALTER TABLE `take_book` ENABLE KEYS */;
UNLOCK TABLES;

--
-- Table structure for table `workers`
--

DROP TABLE IF EXISTS `workers`;
/*!40101 SET @saved_cs_client     = @@character_set_client */;
/*!40101 SET character_set_client = utf8 */;
CREATE TABLE `workers` (
  `worker_id` int(11) NOT NULL AUTO_INCREMENT,
  `full_name` varchar(30) NOT NULL,
  `position` varchar(50) DEFAULT NULL,
  `work_experience` smallint(6) DEFAULT NULL,
  `birthday` date NOT NULL,
  `education` varchar(30) NOT NULL,
  PRIMARY KEY (`worker_id`),
  UNIQUE KEY `XPKworkers` (`worker_id`)
) ENGINE=InnoDB AUTO_INCREMENT=13 DEFAULT CHARSET=utf8;
/*!40101 SET character_set_client = @saved_cs_client */;

--
-- Dumping data for table `workers`
--

LOCK TABLES `workers` WRITE;
/*!40000 ALTER TABLE `workers` DISABLE KEYS */;
INSERT INTO `workers` VALUES (1,'Ефимов Антон Борисович','директор',11,'1974-11-12','высшее'),(2,'Хлебов Юрий Давидович','главный хранитель фондов',7,'1991-07-24','высшее'),(3,'Бутко Татьяна Юхимовна','помощник директора',9,'1980-09-14','высшее'),(4,'Лыткина Елена Вадимовна','главный библиотекарь',12,'1972-12-27','высшее'),(5,'Кулагина Ольга Ивановна','главный библиограф',13,'1968-02-16','высшее'),(6,'Жуков Фёдор Романович','библиограф',3,'1993-08-14','среднее'),(7,'Давыдов Фёдор Викторович','специалист по учетно-хранительской документации',8,'1988-09-21','высшее'),(8,'Ларионова Лилия Львовна','библиотекарь',21,'1960-08-09','высшее'),(9,'Савин Филипп Дмитриевич','библиограф',15,'1981-11-05','среднее профессиональное'),(10,'Карпова Алина Леонидовна','библиотекарь-каталогизатор',2,'1995-10-14','высшее'),(11,'Шумило Артём Григорьевич','библиотекарь-каталогизатор',34,'1952-04-18','высшее'),(12,'Симонова Евгения Артёмовна','библиотекарь',12,'1978-10-22','среднее профессиональное');
/*!40000 ALTER TABLE `workers` ENABLE KEYS */;
UNLOCK TABLES;
/*!40103 SET TIME_ZONE=@OLD_TIME_ZONE */;

/*!40101 SET SQL_MODE=@OLD_SQL_MODE */;
/*!40014 SET FOREIGN_KEY_CHECKS=@OLD_FOREIGN_KEY_CHECKS */;
/*!40014 SET UNIQUE_CHECKS=@OLD_UNIQUE_CHECKS */;
/*!40101 SET CHARACTER_SET_CLIENT=@OLD_CHARACTER_SET_CLIENT */;
/*!40101 SET CHARACTER_SET_RESULTS=@OLD_CHARACTER_SET_RESULTS */;
/*!40101 SET COLLATION_CONNECTION=@OLD_COLLATION_CONNECTION */;
/*!40111 SET SQL_NOTES=@OLD_SQL_NOTES */;

-- Dump completed on 2020-05-01 20:00:54
